dbn,ontrack_year1_2013,graduation_rate_2013,college_career_rate_2013,ontrack_year1_2014,graduation_rate_2014,college_career_rate_2014,ontrack_year1_boro,graduation_rate_boro,college_career_rate_boro,pct_stu_enough_variety_2014,pct_stu_safe_2014,quality_review_year,qr_curriculum,qr_instruction,qr_assessing_student_learning,qr_high_expectations,qr_teacher_collaboration
01M292,62%,58%,32%,63%,43%,41%,85%,70%,53%,77%,76%,2013-2014, P, D, P, P, P
01M448,83%,78%,55%,90%,80%,52%,85%,70%,53%,75%,90%,2012-2013, P, P, P, P, P
01M450,92%,76%,58%,88%,82%,69%,85%,70%,53%,89%,92%,,,,,,
01M509,59%,36%,38%,59%,48%,26%,85%,70%,53%,28%,71%,2013-2014, D, D, D, D, P
01M539,99%,98%,84%,97%,95%,89%,85%,70%,53%,75%,87%,2010-2011,WD, P, P,WD, D
01M696,96%,98%,94%,98%,100%,93%,85%,70%,53%,90%,98%,2013-2014,WD,WD, P,WD,WD
02M047,98%,71%,42%,90%,69%,62%,85%,70%,53%,50%,90%,2013-2014, P, P, P, P, P
02M135,N/A,N/A,N/A,84%,N/A,N/A,85%,70%,53%,78%,81%,,,,,,
02M139,N/A,N/A,N/A,89%,N/A,N/A,85%,70%,53%,81%,84%,,,,,,
02M260,N/A,N/A,N/A,N/A,N/A,N/A,85%,70%,53%,85%,88%,2011-2012, P, P, P, P, P
02M280,N/A,N/A,N/A,N/A,N/A,N/A,85%,70%,53%,N/A,N/A,,,,,,
02M282,N/A,N/A,N/A,N/A,N/A,N/A,85%,70%,53%,N/A,N/A,,,,,,
02M288,89%,84%,53%,92%,77%,49%,85%,70%,53%,65%,83%,,,,,,
02M294,90%,65%,49%,88%,71%,40%,85%,70%,53%,88%,96%,2013-2014,WD, P,WD,WD, P
02M296,82%,66%,52%,74%,73%,47%,85%,70%,53%,77%,88%,,,,,,
02M298,94%,89%,69%,89%,94%,68%,85%,70%,53%,83%,93%,,,,,,
02M300,73%,55%,55%,79%,65%,43%,85%,70%,53%,66%,82%,2013-2014, P, P, P, P, P
02M303,78%,62%,52%,83%,72%,49%,85%,70%,53%,78%,87%,2011-2012, P, P, P,WD, P
02M305,83%,83%,60%,90%,87%,69%,85%,70%,53%,66%,80%,2012-2013, P, P, P, P, P
02M308,67%,75%,52%,74%,72%,61%,85%,70%,53%,82%,84%,,,,,,
02M316,77%,75%,48%,71%,77%,62%,85%,70%,53%,64%,91%,2011-2012, P, P, D, P, P
02M374,82%,77%,50%,79%,74%,54%,85%,70%,53%,52%,73%,2012-2013, D, D, D, D, D
02M376,98%,94%,86%,97%,96%,78%,85%,70%,53%,89%,96%,2013-2014,WD, P,WD,WD,WD
02M392,83%,86%,N/A,87%,84%,64%,85%,70%,53%,68%,84%,2011-2012,WD, P, P,WD,WD
02M393,72%,72%,N/A,71%,66%,48%,85%,70%,53%,77%,86%,2011-2012, P, P, D, P, P
02M399,77%,67%,N/A,82%,56%,51%,85%,70%,53%,55%,81%,2013-2014, P, P, P, P, P
02M400,85%,83%,64%,80%,84%,70%,85%,70%,53%,83%,83%,2013-2014, P, P, P, P, P
02M407,100%,94%,58%,100%,90%,84%,85%,70%,53%,84%,95%,2012-2013,WD,WD,WD,WD,WD
02M408,93%,96%,66%,89%,94%,66%,85%,70%,53%,58%,89%,2013-2014, P, P, P, P, P
02M411,100%,99%,96%,98%,100%,97%,85%,70%,53%,76%,92%,,,,,,
02M412,95%,95%,73%,98%,96%,79%,85%,70%,53%,81%,94%,,,,,,
02M413,95%,85%,77%,99%,91%,78%,85%,70%,53%,75%,88%,2010-2011,WD,WD,WD,WD, P
02M414,99%,98%,91%,98%,97%,81%,85%,70%,53%,32%,93%,,,,,,
02M416,100%,100%,97%,99%,100%,89%,85%,70%,53%,94%,98%,,,,,,
02M418,100%,99%,86%,99%,99%,88%,85%,70%,53%,69%,97%,,,,,,
02M419,80%,50%,41%,80%,66%,35%,85%,70%,53%,74%,84%,2012-2013, P, D, P, P, P
02M420,89%,86%,77%,92%,90%,76%,85%,70%,53%,78%,87%,2013-2014, P, P, P, P,WD
02M422,84%,N/A,N/A,88%,N/A,N/A,85%,70%,53%,70%,78%,2011-2012, P, P, D, P, P
02M425,75%,68%,43%,82%,64%,41%,85%,70%,53%,71%,81%,2013-2014, P, P, P,WD, P
02M427,61%,N/A,N/A,60%,49%,N/A,85%,70%,53%,81%,80%,2012-2013, D, D, D, D, P
02M432,N/A,N/A,N/A,N/A,N/A,N/A,85%,70%,53%,77%,90%,2012-2013, P, D, D, P, P
02M437,74%,N/A,N/A,78%,91%,N/A,85%,70%,53%,74%,86%,2012-2013, D, D, D, P, P
02M438,81%,N/A,N/A,81%,36%,N/A,85%,70%,53%,85%,85%,2012-2013, P, P, P, P, P
02M439,100%,97%,83%,100%,99%,85%,85%,70%,53%,34%,88%,,,,,,
02M449,68%,75%,59%,80%,75%,47%,85%,70%,53%,82%,90%,2011-2012, P, P, P, P, P
02M459,81%,56%,55%,95%,71%,52%,85%,70%,53%,90%,96%,2011-2012, P, P, P, P, P
02M475,99%,98%,99%,99%,99%,97%,85%,70%,53%,92%,95%,,,,,,
02M489,83%,75%,77%,88%,82%,70%,85%,70%,53%,77%,88%,2013-2014,WD, P, P, P, P
02M500,80%,68%,40%,78%,68%,28%,85%,70%,53%,90%,95%,2011-2012, D, D, P, P, P
02M507,83%,N/A,N/A,85%,N/A,N/A,85%,70%,53%,84%,85%,2013-2014,WD, P,WD,WD,WD
02M519,97%,96%,81%,94%,95%,76%,85%,70%,53%,62%,91%,2012-2013,WD, P,WD,WD, P
02M520,56%,51%,43%,52%,51%,36%,85%,70%,53%,62%,63%,2013-2014, D, D, D, P, D
02M529,67%,66%,43%,81%,61%,45%,85%,70%,53%,62%,90%,2013-2014, D, D, D, P, P
02M531,100%,96%,61%,100%,98%,71%,85%,70%,53%,53%,84%,,,,,,
02M533,89%,N/A,N/A,91%,N/A,N/A,85%,70%,53%,54%,64%,,,,,,
02M534,100%,N/A,N/A,92%,N/A,N/A,85%,70%,53%,76%,76%,,,,,,
02M542,98%,82%,70%,92%,85%,58%,85%,70%,53%,92%,96%,,,,,,
02M543,73%,85%,58%,74%,82%,47%,85%,70%,53%,69%,90%,,,,,,
02M545,98%,98%,88%,100%,96%,83%,85%,70%,53%,52%,92%,,,,,,
02M546,97%,N/A,N/A,90%,N/A,N/A,85%,70%,53%,73%,91%,,,,,,
02M551,90%,71%,71%,82%,76%,51%,85%,70%,53%,60%,84%,2013-2014, P, D, P, P, D
02M580,71%,72%,55%,64%,71%,59%,85%,70%,53%,55%,76%,2010-2011, P, P, D, P, P
02M600,91%,91%,66%,90%,92%,68%,85%,70%,53%,84%,85%,,,,,,
02M605,N/A,N/A,N/A,N/A,N/A,N/A,85%,70%,53%,94%,95%,2010-2011, P,WD,WD, P,WD
02M615,83%,80%,41%,75%,85%,56%,85%,70%,53%,70%,86%,2011-2012, P, P, P, P, P
02M630,81%,84%,82%,82%,81%,62%,85%,70%,53%,77%,78%,2010-2011, P, P, P, P, P
02M655,82%,64%,40%,74%,76%,43%,85%,70%,53%,79%,69%,2013-2014, P, P, D, P, D
03M299,74%,75%,40%,77%,72%,44%,85%,70%,53%,72%,81%,2013-2014, P, P, P, P, D
03M307,77%,61%,40%,75%,67%,41%,85%,70%,53%,67%,87%,2013-2014, P, D, P, P, P
03M402,70%,40%,N/A,88%,49%,29%,85%,70%,53%,65%,82%,2013-2014, P, P, P, P, P
03M403,82%,53%,N/A,65%,75%,40%,85%,70%,53%,N/A,N/A,2013-2014, D, D, D, P, P
03M415,57%,44%,31%,52%,50%,23%,85%,70%,53%,63%,76%,2013-2014, D, D, D, P, P
03M417,85%,N/A,N/A,91%,95%,N/A,85%,70%,53%,64%,80%,2012-2013, P, P, D, P,WD
03M479,97%,99%,84%,95%,99%,84%,85%,70%,53%,89%,96%,,,,,,
03M485,99%,98%,86%,98%,99%,80%,85%,70%,53%,82%,92%,,,,,,
03M492,76%,74%,41%,70%,72%,48%,85%,70%,53%,73%,79%,2011-2012,WD,WD,WD,WD,WD
03M494,77%,64%,51%,81%,61%,39%,85%,70%,53%,50%,72%,2013-2014, D, D, D, D, D
03M541,94%,91%,89%,97%,98%,89%,85%,70%,53%,70%,92%,2011-2012, P, P, P,WD, P
03M859,N/A,N/A,N/A,96%,N/A,N/A,85%,70%,53%,67%,92%,2011-2012,WD,WD,WD,WD,WD
03M860,89%,65%,59%,89%,73%,42%,85%,70%,53%,72%,68%,2011-2012,WD, P, D, P, P
04M372,94%,N/A,N/A,91%,N/A,N/A,85%,70%,53%,78%,83%,2012-2013,WD, P,WD,WD, P
04M409,65%,41%,22%,66%,27%,30%,85%,70%,53%,80%,86%,2013-2014, P, D, D, P, P
04M435,95%,90%,77%,96%,94%,77%,85%,70%,53%,88%,90%,2013-2014, P,WD,WD,WD, P
04M495,76%,76%,51%,92%,93%,55%,85%,70%,53%,86%,91%,,,,,,
04M555,87%,93%,73%,92%,98%,77%,85%,70%,53%,87%,95%,,,,,,
04M610,95%,100%,91%,93%,100%,97%,85%,70%,53%,62%,92%,2010-2011,WD, P, P,WD,WD
04M680,78%,61%,36%,76%,70%,33%,85%,70%,53%,72%,73%,2012-2013, P, D, P, P, P
05M148,N/A,N/A,N/A,N/A,N/A,N/A,85%,70%,53%,87%,77%,,,,,,
05M157,N/A,N/A,N/A,79%,N/A,N/A,85%,70%,53%,75%,79%,,,,,,
05M304,76%,69%,45%,82%,66%,47%,85%,70%,53%,66%,81%,2012-2013, D, D, D, P, P
05M362,89%,N/A,N/A,97%,99%,N/A,85%,70%,53%,78%,83%,2011-2012, P, P,WD,WD,WD
05M367,63%,59%,23%,57%,45%,46%,85%,70%,53%,49%,72%,2013-2014, P, D, P, P, P
05M369,85%,68%,60%,79%,77%,49%,85%,70%,53%,40%,68%,2013-2014, D, D, D, D, P
05M499,64%,80%,76%,78%,68%,78%,85%,70%,53%,82%,59%,2013-2014, P, D, P,WD, P
05M670,63%,94%,63%,74%,84%,78%,85%,70%,53%,68%,84%,2013-2014, P, D, P, P, P
05M692,100%,99%,98%,98%,99%,95%,85%,70%,53%,66%,94%,,,,,,
06M211,N/A,N/A,N/A,N/A,N/A,N/A,85%,70%,53%,N/A,N/A,,,,,,
06M293,84%,88%,95%,74%,97%,86%,85%,70%,53%,76%,93%,,,,,,
06M346,64%,58%,45%,75%,62%,48%,85%,70%,53%,89%,92%,2013-2014, P, D, P, P,WD
06M348,77%,66%,58%,85%,78%,58%,85%,70%,53%,83%,93%,2011-2012, P,WD,WD,WD,WD
06M423,N/A,N/A,N/A,N/A,N/A,N/A,85%,70%,53%,82%,91%,2011-2012,WD, P, P, P, P
06M462,76%,64%,42%,75%,55%,40%,85%,70%,53%,89%,86%,,,,,,
06M463,68%,62%,45%,62%,61%,33%,85%,70%,53%,78%,80%,2013-2014, P, D, P, P, P
06M467,68%,60%,39%,74%,69%,50%,85%,70%,53%,77%,76%,,,,,,
06M468,65%,49%,36%,70%,59%,35%,85%,70%,53%,73%,76%,2013-2014, D, D, D, P, D
06M540,73%,73%,65%,71%,76%,49%,85%,70%,53%,93%,84%,2012-2013, D, D, D, P, P
06M552,70%,64%,56%,79%,56%,45%,85%,70%,53%,94%,92%,,,,,,
07X221,91%,86%,63%,84%,87%,51%,79%,59%,41%,78%,85%,2012-2013, P, P, P,WD, P
07X223,N/A,N/A,N/A,98%,N/A,N/A,79%,59%,41%,88%,89%,2013-2014,WD, P,WD,WD,WD
07X259,N/A,N/A,N/A,89%,N/A,N/A,79%,59%,41%,72%,84%,,,,,,
07X334,55%,31%,28%,74%,40%,19%,79%,59%,41%,84%,85%,2013-2014, D, P, P, P, P
07X427,78%,69%,53%,70%,63%,46%,79%,59%,41%,77%,77%,2013-2014,WD, P, P, P, P
07X473,79%,51%,42%,74%,57%,27%,79%,59%,41%,79%,92%,2013-2014, D, D, D, P, D
07X495,99%,85%,69%,93%,94%,65%,79%,59%,41%,88%,91%,,,,,,
07X500,82%,75%,76%,87%,88%,64%,79%,59%,41%,54%,78%,2013-2014, D, D, D, P, D
07X520,62%,48%,34%,53%,42%,41%,79%,59%,41%,42%,62%,2012-2013, D, D, D, P, D
07X522,61%,N/A,N/A,75%,N/A,N/A,79%,59%,41%,82%,86%,2013-2014, P, D, P,WD, P
07X527,91%,62%,55%,94%,65%,55%,79%,59%,41%,92%,92%,2013-2014, D, D, P, P, P
07X547,66%,54%,25%,68%,54%,28%,79%,59%,41%,N/A,N/A,2013-2014, P, D, D, P, P
07X548,85%,68%,48%,88%,74%,45%,79%,59%,41%,81%,88%,,,,,,
07X551,68%,87%,65%,85%,65%,58%,79%,59%,41%,78%,79%,2013-2014, P, D, P,WD, P
07X600,75%,51%,23%,77%,64%,19%,79%,59%,41%,80%,71%,2012-2013, D,UD, D, D, D
07X670,68%,69%,54%,50%,56%,47%,79%,59%,41%,64%,66%,2013-2014, P, D, P, P, P
08X269,75%,70%,N/A,71%,66%,47%,79%,59%,41%,76%,80%,2013-2014, D, D, P, P, P
08X282,63%,66%,43%,68%,72%,51%,79%,59%,41%,44%,58%,2013-2014, P, D, D, D, P
08X293,80%,80%,41%,80%,73%,54%,79%,59%,41%,80%,71%,2012-2013, P, D, P,WD, P
08X305,82%,61%,27%,85%,70%,30%,79%,59%,41%,75%,79%,2010-2011, D, D, P, P, D
08X312,89%,66%,34%,85%,68%,45%,79%,59%,41%,67%,78%,,,,,,
08X320,N/A,N/A,N/A,76%,N/A,N/A,79%,59%,41%,65%,58%,,,,,,
08X332,74%,51%,27%,61%,46%,28%,79%,59%,41%,72%,89%,2013-2014, P, P, P, P, P
08X348,N/A,N/A,N/A,68%,N/A,N/A,79%,59%,41%,64%,67%,,,,,,
08X349,N/A,N/A,N/A,81%,N/A,N/A,79%,59%,41%,80%,82%,,,,,,
08X367,76%,N/A,N/A,82%,53%,N/A,79%,59%,41%,69%,66%,2013-2014, D, D, D, P, D
08X376,62%,N/A,N/A,55%,59%,N/A,79%,59%,41%,66%,67%,2012-2013, D, D, D, D, D
08X405,55%,54%,33%,71%,52%,37%,79%,59%,41%,73%,60%,2013-2014, D, D, P, D, D
08X432,84%,N/A,N/A,81%,66%,N/A,79%,59%,41%,84%,81%,2012-2013, P, D,WD, P, P
08X452,79%,52%,45%,71%,57%,32%,79%,59%,41%,57%,80%,2012-2013, D, D,UD, D, D
08X519,75%,43%,32%,67%,42%,24%,79%,59%,41%,41%,69%,2013-2014, D, D, D, P, D
08X530,80%,42%,33%,76%,40%,22%,79%,59%,41%,77%,74%,2013-2014, P, D, P, P, D
08X558,76%,N/A,N/A,80%,N/A,N/A,79%,59%,41%,74%,77%,,,,,,
08X559,77%,N/A,N/A,79%,N/A,N/A,79%,59%,41%,68%,79%,,,,,,
08X561,82%,N/A,N/A,79%,N/A,N/A,79%,59%,41%,80%,72%,,,,,,
09X227,69%,57%,34%,67%,55%,34%,79%,59%,41%,93%,90%,2013-2014, D, D, P,WD, P
09X231,69%,68%,58%,61%,71%,51%,79%,59%,41%,83%,72%,2011-2012, P, P, P,WD, P
09X241,84%,89%,92%,82%,76%,69%,79%,59%,41%,70%,77%,2012-2013,WD, P,WD,WD,WD
09X250,77%,82%,46%,88%,85%,68%,79%,59%,41%,78%,86%,2012-2013, P, P, D,WD, P
09X252,83%,85%,65%,72%,69%,69%,79%,59%,41%,75%,81%,2012-2013, P, D, P, P, P
09X260,92%,92%,78%,90%,88%,83%,79%,59%,41%,81%,94%,,,,,,
09X263,89%,65%,41%,74%,58%,49%,79%,59%,41%,86%,92%,2013-2014, D, D, D, D, P
09X276,51%,56%,28%,60%,41%,25%,79%,59%,41%,69%,82%,2012-2013, P, P, P, P, P
09X297,71%,63%,34%,78%,59%,39%,79%,59%,41%,74%,73%,2010-2011, P, D, P, D, P
09X324,94%,94%,N/A,96%,88%,68%,79%,59%,41%,62%,77%,2013-2014, P, D, P, P, P
09X327,90%,N/A,N/A,85%,N/A,N/A,79%,59%,41%,60%,86%,,,,,,
09X329,77%,33%,37%,80%,44%,24%,79%,59%,41%,81%,80%,2011-2012, P, D, P, P, P
09X350,N/A,N/A,N/A,N/A,N/A,N/A,79%,59%,41%,85%,74%,,,,,,
09X365,98%,86%,42%,99%,91%,60%,79%,59%,41%,85%,96%,2012-2013,WD, P,WD,WD, P
09X403,88%,50%,45%,84%,68%,33%,79%,59%,41%,86%,79%,,,,,,
09X404,73%,62%,27%,75%,50%,40%,79%,59%,41%,54%,79%,2011-2012, D, D, P, P, P
09X412,70%,43%,34%,73%,45%,23%,79%,59%,41%,76%,83%,2012-2013, D, D, D, D, D
09X413,94%,88%,84%,89%,83%,69%,79%,59%,41%,46%,75%,2010-2011,WD, D, P,WD, P
09X505,71%,84%,66%,82%,77%,70%,79%,59%,41%,71%,71%,2012-2013, P, D, P, P, P
09X517,66%,69%,49%,77%,72%,32%,79%,59%,41%,70%,87%,2012-2013, D, D, P,WD, P
09X525,74%,57%,48%,57%,61%,37%,79%,59%,41%,66%,67%,2013-2014, P, P, P, P, P
09X543,87%,49%,41%,81%,62%,30%,79%,59%,41%,N/A,N/A,,,,,,
09X564,94%,N/A,N/A,79%,N/A,N/A,79%,59%,41%,93%,80%,,,,,,
09X568,N/A,N/A,N/A,N/A,N/A,N/A,79%,59%,41%,88%,77%,,,,,,
10X141,78%,78%,67%,81%,83%,61%,79%,59%,41%,74%,70%,2010-2011, P, P, P, P, P
10X213,80%,74%,44%,78%,60%,50%,79%,59%,41%,65%,67%,2013-2014, D, D, D, P, P
10X225,84%,83%,67%,77%,76%,72%,79%,59%,41%,74%,78%,2012-2013, P, D, P, P, P
10X237,84%,67%,66%,79%,68%,53%,79%,59%,41%,59%,77%,2012-2013, P, D, P, P, P
10X243,75%,74%,38%,79%,65%,40%,79%,59%,41%,74%,69%,2012-2013, D, D, D, D, D
10X264,N/A,N/A,N/A,90%,N/A,N/A,79%,59%,41%,85%,96%,,,,,,
10X268,78%,48%,47%,83%,57%,40%,79%,59%,41%,90%,87%,2012-2013, D, D, D, P, P
10X284,62%,66%,47%,53%,65%,47%,79%,59%,41%,70%,74%,2013-2014, P, D, P, P, P
10X342,86%,65%,38%,86%,61%,37%,79%,59%,41%,91%,89%,2012-2013, D, D, D, D,WD
10X351,N/A,N/A,N/A,79%,N/A,N/A,79%,59%,41%,78%,67%,,,,,,
10X353,N/A,N/A,N/A,81%,N/A,N/A,79%,59%,41%,68%,60%,,,,,,
10X368,69%,69%,68%,74%,90%,58%,79%,59%,41%,73%,77%,2013-2014, P, P, D, P, P
10X374,86%,85%,61%,77%,83%,63%,79%,59%,41%,88%,91%,2011-2012, P, P,WD,WD,WD
10X433,73%,68%,30%,90%,72%,39%,79%,59%,41%,68%,69%,2013-2014, D, D, D, P, D
10X434,86%,65%,34%,93%,70%,48%,79%,59%,41%,64%,82%,,,,,,
10X437,88%,85%,33%,94%,77%,44%,79%,59%,41%,80%,84%,2013-2014,WD, P, P,WD,WD
10X438,78%,38%,31%,71%,40%,22%,79%,59%,41%,73%,85%,2012-2013, D, D, P, D, D
10X439,78%,68%,45%,84%,75%,41%,79%,59%,41%,60%,72%,2011-2012, P, D, D, P, P
10X440,53%,55%,34%,69%,45%,39%,79%,59%,41%,82%,58%,2013-2014, D, D, D, D, D
10X442,78%,87%,54%,88%,89%,62%,79%,59%,41%,68%,74%,2013-2014, D, P, D, P, D
10X445,100%,100%,100%,100%,100%,96%,79%,59%,41%,92%,90%,,,,,,
10X477,92%,90%,74%,85%,91%,76%,79%,59%,41%,84%,73%,,,,,,
10X524,43%,N/A,N/A,46%,N/A,N/A,79%,59%,41%,84%,80%,2013-2014, P, D, D, P, P
10X546,74%,74%,50%,60%,71%,54%,79%,59%,41%,79%,63%,2013-2014, P, D, D, P, P
10X549,76%,57%,37%,77%,63%,29%,79%,59%,41%,50%,74%,2011-2012, P, P,WD,WD,WD
10X565,89%,N/A,N/A,83%,N/A,N/A,79%,59%,41%,78%,87%,,,,,,
10X696,98%,100%,99%,99%,100%,99%,79%,59%,41%,72%,96%,,,,,,
11X249,78%,98%,67%,85%,97%,67%,79%,59%,41%,35%,83%,,,,,,
11X253,81%,54%,27%,81%,62%,18%,79%,59%,41%,82%,81%,2012-2013, P, P, P, P, P
11X265,81%,66%,39%,74%,69%,41%,79%,59%,41%,63%,72%,2012-2013, P, D, P, P, P
11X270,80%,74%,34%,71%,68%,43%,79%,59%,41%,44%,57%,2011-2012, D, D, D, D, D
11X275,86%,85%,67%,59%,85%,53%,79%,59%,41%,79%,81%,,,,,,
11X288,77%,89%,81%,90%,82%,72%,79%,59%,41%,81%,76%,2010-2011, P, D, D,WD, P
11X290,76%,66%,67%,75%,70%,62%,79%,59%,41%,61%,68%,,,,,,
11X299,80%,63%,45%,76%,65%,49%,79%,59%,41%,56%,67%,2013-2014, P, D, D, P, P
11X418,66%,58%,35%,63%,57%,34%,79%,59%,41%,62%,74%,2012-2013, D, D, D, D, D
11X455,67%,58%,34%,71%,66%,34%,79%,59%,41%,85%,69%,2013-2014, D, D, P,WD, D
11X508,85%,N/A,N/A,78%,N/A,N/A,79%,59%,41%,74%,76%,2013-2014, P, P, P, P, P
11X509,61%,N/A,N/A,93%,N/A,N/A,79%,59%,41%,86%,85%,2013-2014, D, D, D, D, D
11X513,85%,84%,57%,85%,75%,72%,79%,59%,41%,77%,84%,,,,,,
11X514,74%,57%,24%,75%,72%,34%,79%,59%,41%,73%,73%,2013-2014, P, D, P, P, P
11X542,81%,95%,83%,82%,89%,79%,79%,59%,41%,71%,77%,2010-2011, P, D, P,WD, P
11X544,83%,71%,57%,79%,73%,31%,79%,59%,41%,57%,65%,,,,,,
11X545,66%,74%,58%,74%,59%,36%,79%,59%,41%,46%,49%,2011-2012, P, D, D, P, D
12X242,79%,N/A,N/A,77%,80%,N/A,79%,59%,41%,76%,90%,,,,,,
12X248,77%,71%,42%,78%,63%,59%,79%,59%,41%,73%,89%,,,,,,
12X251,78%,55%,41%,83%,65%,35%,79%,59%,41%,78%,90%,2012-2013, P, D, P, P, P
12X267,87%,73%,63%,98%,89%,43%,79%,59%,41%,91%,92%,,,,,,
12X271,77%,70%,46%,69%,80%,45%,79%,59%,41%,64%,70%,2013-2014, D, D, D, D, P
12X278,59%,43%,23%,54%,33%,17%,79%,59%,41%,58%,74%,2013-2014, D, D, D, D, D
14K685,90%,78%,34%,83%,64%,33%,82%,68%,50%,74%,94%,,,,,,
12X372,85%,N/A,N/A,76%,66%,N/A,79%,59%,41%,71%,80%,2013-2014, P, P, P, P, P
12X388,91%,68%,31%,94%,76%,39%,79%,59%,41%,90%,94%,2013-2014,WD,WD,WD,WD,WD
12X478,98%,97%,N/A,97%,90%,68%,79%,59%,41%,79%,88%,2011-2012, P, P,WD,WD,WD
12X479,41%,60%,N/A,70%,46%,46%,79%,59%,41%,74%,84%,2013-2014, D, D, P,WD, P
12X511,91%,N/A,N/A,90%,N/A,N/A,79%,59%,41%,77%,73%,2013-2014, P, D, D,WD, P
12X521,82%,N/A,N/A,80%,N/A,N/A,79%,59%,41%,76%,79%,2013-2014, P, D, D, P, D
12X550,70%,47%,29%,87%,63%,25%,79%,59%,41%,84%,80%,2013-2014, D, D, D, P, P
12X682,74%,66%,44%,77%,66%,41%,79%,59%,41%,84%,85%,,,,,,
12X684,65%,65%,38%,57%,62%,41%,79%,59%,41%,55%,71%,,,,,,
12X692,61%,45%,27%,60%,44%,28%,79%,59%,41%,52%,71%,,,,,,
13K265,83%,63%,44%,60%,66%,36%,82%,68%,50%,56%,71%,2013-2014,WD, P, P, P, P
13K350,88%,49%,47%,76%,60%,32%,82%,68%,50%,65%,77%,2011-2012, P, P, P, P, P
13K412,81%,70%,44%,79%,78%,46%,82%,68%,50%,73%,80%,2011-2012, P, D, P, P, P
13K419,87%,69%,51%,84%,71%,44%,82%,68%,50%,33%,54%,2013-2014, P, D, P, D, P
13K430,99%,98%,83%,97%,98%,91%,82%,68%,50%,87%,88%,2011-2012,WD,WD, D, P, D
13K439,98%,85%,64%,94%,89%,63%,82%,68%,50%,94%,97%,,,,,,
13K483,87%,89%,82%,95%,88%,82%,82%,68%,50%,84%,79%,2012-2013,WD, P,WD,WD,WD
13K499,72%,71%,43%,64%,67%,62%,82%,68%,50%,43%,76%,2013-2014, P, P, P, P, P
13K527,72%,78%,N/A,90%,91%,71%,82%,68%,50%,59%,71%,2012-2013, P, P, P, P, P
13K595,99%,95%,82%,92%,98%,79%,82%,68%,50%,62%,94%,,,,,,
13K605,75%,67%,33%,71%,79%,35%,82%,68%,50%,68%,65%,2012-2013, P, P, P, P, P
13K670,91%,95%,76%,88%,95%,79%,82%,68%,50%,78%,83%,2010-2011, P, P, P, P, P
13K674,89%,83%,N/A,85%,78%,42%,82%,68%,50%,80%,84%,2011-2012, P, P, P, P, P
14K071,68%,48%,30%,74%,59%,35%,82%,68%,50%,79%,77%,2012-2013, D, D, D, P, P
14K322,48%,20%,6%,N/A,20%,10%,82%,68%,50%,43%,73%,2013-2014, D, D,UD, D, D
14K449,95%,100%,87%,97%,99%,97%,82%,68%,50%,74%,94%,2011-2012,WD, P,WD,WD,WD
14K454,81%,49%,30%,86%,51%,22%,82%,68%,50%,61%,81%,2012-2013, D, D, P, P, P
14K474,72%,59%,44%,67%,59%,35%,82%,68%,50%,79%,72%,2013-2014, D, D, P, P, D
14K477,55%,43%,45%,70%,54%,27%,82%,68%,50%,80%,76%,2012-2013, D, D, D, D, P
14K478,80%,73%,50%,85%,76%,71%,82%,68%,50%,90%,85%,,,,,,
14K488,90%,74%,54%,87%,83%,54%,82%,68%,50%,70%,75%,2012-2013, P, D, P, P,WD
14K558,93%,90%,52%,90%,91%,52%,82%,68%,50%,97%,100%,,,,,,
14K561,93%,89%,67%,95%,87%,66%,82%,68%,50%,80%,87%,,,,,,
14K586,74%,60%,35%,76%,46%,32%,82%,68%,50%,71%,74%,2013-2014, P, D, P, P, P
14K610,59%,45%,38%,63%,49%,24%,82%,68%,50%,85%,86%,2012-2013, D, D, D, D, D
14K614,86%,N/A,N/A,86%,N/A,N/A,82%,68%,50%,66%,86%,2013-2014,WD, P,WD,WD,WD
14K632,92%,46%,31%,90%,53%,27%,82%,68%,50%,57%,80%,2013-2014, P, D, D, P, P
15K423,N/A,N/A,N/A,N/A,N/A,N/A,82%,68%,50%,74%,85%,2013-2014, D, D, P,WD,WD
15K429,88%,75%,54%,60%,54%,57%,82%,68%,50%,56%,73%,2011-2012, D, D, P, P, P
15K448,80%,87%,74%,67%,90%,70%,82%,68%,50%,72%,80%,2013-2014,WD,WD,WD,WD,WD
15K462,60%,82%,53%,87%,85%,56%,82%,68%,50%,67%,78%,2012-2013, P, P, P, P, P
15K463,77%,65%,42%,20%,61%,42%,82%,68%,50%,39%,62%,2013-2014, P, P, D, D, D
15K464,80%,39%,50%,90%,61%,36%,82%,68%,50%,64%,82%,2013-2014, P, P, P, P, P
15K497,72%,47%,52%,73%,66%,41%,82%,68%,50%,57%,71%,2013-2014,WD, P,WD, P,WD
15K519,83%,79%,41%,83%,73%,48%,82%,68%,50%,84%,92%,2013-2014, D, D, P, P, P
15K592,74%,N/A,N/A,79%,N/A,N/A,82%,68%,50%,83%,89%,,,,,,
15K656,83%,83%,59%,89%,79%,63%,82%,68%,50%,54%,78%,2010-2011, P, P, P, P, P
15K667,93%,71%,N/A,89%,70%,51%,82%,68%,50%,85%,88%,2011-2012, P,WD,WD,WD,WD
15K684,99%,N/A,N/A,97%,N/A,N/A,82%,68%,50%,83%,91%,2013-2014, P, P, P, P, P
16K393,71%,78%,19%,74%,65%,43%,82%,68%,50%,94%,98%,2011-2012, P, P, P, P, P
16K455,55%,44%,19%,68%,42%,20%,82%,68%,50%,84%,82%,2012-2013, D, D, D, P, D
16K498,91%,59%,41%,83%,79%,33%,82%,68%,50%,73%,75%,2010-2011, P, P, P, P, D
16K594,82%,66%,31%,86%,62%,37%,82%,68%,50%,81%,92%,2013-2014,WD, P,WD,WD, P
16K688,52%,55%,N/A,71%,43%,26%,82%,68%,50%,45%,76%,2013-2014, D, D, D, D, D
16K765,N/A,N/A,N/A,N/A,N/A,N/A,82%,68%,50%,N/A,N/A,,,,,,
17K122,85%,N/A,N/A,79%,N/A,N/A,82%,68%,50%,65%,83%,2013-2014, P, P, D,WD, P
17K382,78%,71%,53%,68%,63%,47%,82%,68%,50%,59%,61%,2013-2014, P, P, P, P, P
17K408,64%,46%,42%,67%,68%,24%,82%,68%,50%,57%,53%,2012-2013, P, D, D, P, D
17K524,83%,66%,43%,88%,57%,39%,82%,68%,50%,86%,82%,2011-2012, P, P, P, P, P
17K528,83%,57%,52%,92%,55%,33%,82%,68%,50%,74%,82%,2012-2013, P, P, P, P, P
17K531,88%,70%,58%,85%,82%,48%,82%,68%,50%,81%,79%,2010-2011, D, P, P,WD, P
17K533,85%,54%,44%,57%,63%,30%,82%,68%,50%,75%,59%,2013-2014, P, D, D,WD, P
17K537,83%,68%,51%,85%,71%,46%,82%,68%,50%,77%,75%,2011-2012, P, D, D, D, D
17K539,86%,71%,38%,79%,75%,38%,82%,68%,50%,77%,71%,,,,,,
17K543,95%,96%,97%,92%,95%,89%,82%,68%,50%,92%,86%,2010-2011, P, P,WD,WD,WD
17K546,93%,94%,81%,90%,93%,76%,82%,68%,50%,82%,78%,,,,,,
17K547,87%,64%,42%,89%,78%,48%,82%,68%,50%,67%,67%,2012-2013,WD, P, P, P, P
17K548,85%,68%,40%,82%,72%,38%,82%,68%,50%,71%,64%,2013-2014, D, D, P, P, P
17K590,92%,96%,84%,90%,92%,72%,82%,68%,50%,67%,72%,2012-2013,WD, P, P,WD, P
17K600,69%,72%,58%,67%,77%,58%,82%,68%,50%,68%,56%,2012-2013, D, D, D, P, D
17K745,89%,N/A,N/A,96%,N/A,N/A,82%,68%,50%,77%,86%,,,,,,
17K751,70%,N/A,N/A,74%,71%,N/A,82%,68%,50%,64%,70%,2012-2013, D, D, D, P, P
18K563,93%,89%,79%,97%,91%,77%,82%,68%,50%,86%,60%,2011-2012, P,WD,WD,WD,WD
18K566,73%,51%,47%,82%,50%,36%,82%,68%,50%,62%,83%,2011-2012, D, D, P, P, P
18K567,71%,63%,45%,75%,66%,46%,82%,68%,50%,83%,81%,2013-2014, P, D, P, P, P
18K569,80%,72%,53%,82%,78%,47%,82%,68%,50%,87%,80%,2011-2012, P, P, P, P, P
18K576,86%,87%,54%,93%,68%,56%,82%,68%,50%,86%,86%,2011-2012, P, P,WD,WD,WD
18K589,84%,45%,45%,71%,55%,21%,82%,68%,50%,56%,81%,2012-2013, P, P, P, P,WD
18K617,66%,68%,45%,82%,70%,51%,82%,68%,50%,68%,85%,2013-2014, D, D, D, P, P
18K629,69%,65%,39%,68%,61%,37%,82%,68%,50%,74%,80%,2012-2013, D, D, D, D, D
18K633,96%,93%,68%,96%,90%,60%,82%,68%,50%,66%,82%,2012-2013,WD, P, P,WD,WD
18K637,86%,61%,41%,80%,68%,40%,82%,68%,50%,66%,69%,2013-2014, P, P, P, P,WD
18K642,77%,68%,27%,82%,61%,46%,82%,68%,50%,73%,79%,2012-2013, P, P, D, P, P
19K404,84%,65%,49%,85%,80%,49%,82%,68%,50%,76%,80%,2011-2012,WD,WD,WD,WD,WD
19K409,86%,87%,62%,93%,93%,62%,82%,68%,50%,56%,80%,2013-2014, P, D, P, P, P
19K422,N/A,N/A,N/A,N/A,N/A,N/A,82%,68%,50%,91%,86%,,,,,,
19K502,83%,65%,15%,70%,72%,26%,82%,68%,50%,83%,78%,2012-2013, P, P, P, P, P
19K504,84%,57%,24%,68%,52%,25%,82%,68%,50%,80%,72%,2010-2011,WD,WD, P, P,WD
19K507,85%,70%,37%,74%,71%,34%,82%,68%,50%,72%,75%,2012-2013,WD, P, P, P, P
19K510,82%,65%,47%,62%,58%,48%,82%,68%,50%,53%,58%,2012-2013, P, D, D, D, D
19K583,81%,29%,25%,87%,44%,18%,82%,68%,50%,87%,82%,2013-2014, P, D, D, P, P
19K615,53%,67%,42%,47%,64%,37%,82%,68%,50%,60%,53%,2013-2014, D, D, D, D, D
19K618,90%,53%,53%,82%,67%,48%,82%,68%,50%,85%,81%,2013-2014, P, P, P,WD, P
19K639,70%,50%,30%,63%,53%,27%,82%,68%,50%,77%,79%,2013-2014, P, D, D, P, P
19K659,77%,47%,34%,60%,50%,31%,82%,68%,50%,78%,80%,2013-2014, P, D, D, P, P
19K660,78%,65%,30%,75%,50%,26%,82%,68%,50%,76%,81%,2013-2014, P, P, P, P, P
19K683,85%,83%,48%,83%,84%,39%,82%,68%,50%,72%,78%,2011-2012,WD,WD,WD, P,WD
19K764,N/A,N/A,N/A,N/A,N/A,N/A,82%,68%,50%,N/A,N/A,,,,,,
20K445,77%,68%,60%,81%,70%,54%,82%,68%,50%,80%,75%,2013-2014, P, D, D, P, P
20K485,91%,83%,79%,89%,87%,70%,82%,68%,50%,84%,93%,,,,,,
20K490,81%,70%,58%,81%,68%,58%,82%,68%,50%,85%,78%,2013-2014, D, D, D, P, D
20K505,70%,60%,49%,70%,58%,49%,82%,68%,50%,81%,82%,2011-2012, P, D, P, P, P
20K609,83%,N/A,N/A,88%,95%,N/A,82%,68%,50%,77%,89%,2013-2014, P, P, D, P, P
21K337,81%,50%,41%,95%,61%,41%,82%,68%,50%,84%,82%,2013-2014, P, P, P, P, P
21K344,81%,78%,52%,75%,70%,61%,82%,68%,50%,64%,81%,2013-2014, P, D, P, P, P
21K348,79%,74%,57%,74%,83%,40%,82%,68%,50%,70%,72%,2012-2013, D, D, D, P, P
21K410,76%,67%,55%,77%,69%,52%,82%,68%,50%,86%,77%,2012-2013, P, D, P, P,WD
21K468,96%,91%,N/A,97%,93%,86%,82%,68%,50%,62%,68%,2010-2011,WD,WD,WD, P,WD
21K525,80%,78%,76%,81%,81%,67%,82%,68%,50%,85%,80%,2013-2014, P, D, P, P, D
21K540,84%,74%,57%,86%,79%,56%,82%,68%,50%,83%,81%,2012-2013, P, D, D, P, D
21K559,85%,91%,49%,93%,92%,40%,82%,68%,50%,72%,85%,2012-2013, P, P, P, P, P
21K572,92%,75%,56%,86%,81%,64%,82%,68%,50%,81%,89%,2012-2013, P, P,WD, P,WD
21K620,54%,61%,38%,73%,57%,27%,82%,68%,50%,81%,74%,2012-2013, P, D, D,WD, D
21K690,78%,76%,61%,83%,78%,55%,82%,68%,50%,55%,76%,2013-2014, P, D, D, D, D
22K405,92%,85%,74%,93%,89%,74%,82%,68%,50%,93%,82%,2013-2014, P, P, P, P, P
22K425,80%,75%,60%,85%,76%,63%,82%,68%,50%,80%,70%,2013-2014, D, D, P,WD, P
22K535,96%,96%,87%,92%,96%,91%,82%,68%,50%,72%,90%,,,,,,
22K555,97%,97%,92%,97%,99%,90%,82%,68%,50%,37%,93%,2013-2014,WD,WD, P,WD, P
22K611,N/A,N/A,N/A,84%,N/A,N/A,82%,68%,50%,64%,77%,,,,,,
23K493,66%,55%,49%,62%,56%,40%,82%,68%,50%,71%,72%,2013-2014, P, D, P, P, P
23K514,68%,59%,46%,73%,53%,37%,82%,68%,50%,48%,69%,,,,,,
23K644,57%,N/A,N/A,74%,N/A,N/A,82%,68%,50%,87%,79%,2012-2013, P, D, P,WD, P
23K697,63%,73%,55%,74%,67%,47%,82%,68%,50%,51%,55%,2012-2013, D, D, D, D, P
24Q236,N/A,N/A,N/A,61%,N/A,N/A,85%,71%,56%,85%,84%,,,,,,
24Q264,94%,90%,83%,94%,91%,73%,85%,71%,56%,75%,92%,,,,,,
24Q267,89%,80%,60%,88%,70%,52%,85%,71%,56%,48%,83%,,,,,,
24Q293,93%,85%,59%,94%,80%,81%,85%,71%,56%,84%,97%,2013-2014, P, D, D,WD, P
24Q296,65%,42%,33%,90%,50%,27%,85%,71%,56%,83%,87%,2013-2014, D, D, P, P, P
24Q299,99%,96%,99%,99%,99%,86%,85%,71%,56%,90%,98%,,,,,,
24Q455,82%,61%,49%,80%,65%,40%,85%,71%,56%,88%,86%,2012-2013, D, D, D, D, D
24Q485,70%,60%,37%,73%,58%,38%,85%,71%,56%,79%,76%,2013-2014, P, D, P,WD, P
24Q520,83%,74%,69%,81%,70%,50%,85%,71%,56%,80%,88%,2013-2014, P, P, P, P, D
24Q530,95%,70%,60%,91%,82%,64%,85%,71%,56%,88%,96%,,,,,,
24Q550,90%,83%,63%,91%,85%,58%,85%,71%,56%,75%,91%,2010-2011,WD, P, P,WD, P
24Q560,91%,86%,68%,93%,82%,73%,85%,71%,56%,81%,93%,2012-2013, D, D, D, P, D
24Q585,99%,N/A,N/A,99%,N/A,N/A,85%,71%,56%,84%,85%,2013-2014, P, P, P,WD, P
24Q600,87%,80%,55%,82%,80%,62%,85%,71%,56%,74%,82%,2011-2012,WD,WD,WD,WD,WD
24Q610,96%,88%,80%,95%,94%,82%,85%,71%,56%,81%,88%,,,,,,
25Q240,N/A,N/A,N/A,93%,N/A,N/A,85%,71%,56%,64%,86%,,,,,,
25Q241,N/A,N/A,N/A,97%,N/A,N/A,85%,71%,56%,81%,94%,,,,,,
25Q252,89%,92%,90%,87%,93%,86%,85%,71%,56%,60%,85%,2013-2014,WD, P, D,WD, D
25Q263,85%,70%,51%,71%,69%,58%,85%,71%,56%,88%,90%,2011-2012, P, P, P, P, P
25Q281,86%,92%,75%,87%,92%,80%,85%,71%,56%,71%,86%,2011-2012,WD, P, P,WD,WD
25Q285,98%,91%,76%,99%,95%,80%,85%,71%,56%,36%,84%,2011-2012,WD,WD,WD,WD,WD
25Q425,80%,66%,47%,82%,66%,51%,85%,71%,56%,79%,75%,2012-2013, P, P, P, P, P
25Q460,68%,54%,41%,70%,57%,39%,85%,71%,56%,73%,67%,2013-2014, D, D, D, D, P
25Q525,100%,100%,100%,100%,100%,100%,85%,71%,56%,89%,97%,,,,,,
25Q670,89%,81%,75%,81%,82%,65%,85%,71%,56%,74%,90%,2013-2014, P,WD,WD,WD, P
26Q315,N/A,N/A,N/A,N/A,N/A,N/A,85%,71%,56%,N/A,N/A,,,,,,
26Q415,82%,87%,73%,87%,84%,76%,85%,71%,56%,83%,75%,2013-2014, P, P, D, P, D
26Q430,92%,86%,77%,93%,86%,74%,85%,71%,56%,95%,93%,2011-2012, P, P, P, P,WD
26Q435,76%,53%,40%,65%,54%,45%,85%,71%,56%,70%,55%,2012-2013, D, D, D, D, D
26Q495,97%,92%,77%,97%,91%,79%,85%,71%,56%,80%,78%,,,,,,
26Q566,82%,90%,74%,86%,90%,74%,85%,71%,56%,65%,77%,2012-2013,WD, P,WD,WD, P
27Q260,79%,52%,40%,66%,59%,38%,85%,71%,56%,55%,72%,2013-2014, D, D, D, P, D
27Q262,89%,86%,61%,99%,97%,66%,85%,71%,56%,82%,88%,2011-2012,WD, P, P, P, P
27Q302,76%,61%,46%,84%,72%,28%,85%,71%,56%,78%,75%,2013-2014, D, D, D, D, P
27Q308,91%,90%,65%,89%,95%,72%,85%,71%,56%,77%,86%,2013-2014, P, D, P, P, P
27Q309,69%,65%,67%,81%,59%,55%,85%,71%,56%,80%,71%,2012-2013, P, P, P, P, P
27Q314,N/A,N/A,N/A,N/A,N/A,N/A,85%,71%,56%,N/A,N/A,,,,,,
27Q323,98%,100%,94%,100%,100%,98%,85%,71%,56%,91%,98%,,,,,,
27Q324,76%,N/A,N/A,69%,57%,N/A,85%,71%,56%,58%,63%,2012-2013, P,WD, P, P, P
27Q334,N/A,N/A,N/A,N/A,N/A,N/A,85%,71%,56%,N/A,N/A,,,,,,
27Q351,70%,N/A,N/A,72%,N/A,N/A,85%,71%,56%,57%,50%,2013-2014, P, P, P, P, P
27Q400,31%,39%,24%,66%,40%,24%,85%,71%,56%,59%,57%,2012-2013, D, D, D, D, P
27Q475,73%,58%,39%,74%,52%,36%,85%,71%,56%,80%,78%,2013-2014, D, P, D, P, D
27Q480,78%,52%,40%,76%,55%,34%,85%,71%,56%,76%,70%,2013-2014, P, P, P, P, P
27Q650,97%,98%,82%,99%,95%,74%,85%,71%,56%,70%,89%,2011-2012,WD, P, P, P, P
28Q167,97%,N/A,N/A,96%,N/A,N/A,85%,71%,56%,85%,86%,2012-2013,WD, P, P,WD,WD
28Q284,92%,94%,N/A,93%,96%,86%,85%,71%,56%,79%,86%,2011-2012,WD, P, P, P, P
28Q310,93%,80%,63%,90%,80%,68%,85%,71%,56%,69%,81%,2013-2014, P, P, D, P, D
28Q325,90%,N/A,N/A,93%,83%,N/A,85%,71%,56%,77%,85%,2012-2013, P, P, D, P, P
28Q328,83%,N/A,N/A,88%,82%,N/A,85%,71%,56%,85%,90%,2012-2013, P, P, P, P, P
28Q350,86%,95%,80%,81%,82%,78%,85%,71%,56%,79%,82%,2013-2014, P, P, P,WD, P
28Q440,88%,86%,69%,88%,84%,72%,85%,71%,56%,86%,84%,,,,,,
28Q505,83%,72%,56%,85%,74%,60%,85%,71%,56%,95%,89%,2013-2014,WD,WD, P,WD,WD
28Q620,93%,84%,71%,85%,88%,67%,85%,71%,56%,83%,78%,,,,,,
28Q680,100%,97%,83%,97%,95%,91%,85%,71%,56%,31%,79%,2013-2014,WD, P,WD,WD,WD
28Q686,87%,N/A,N/A,89%,89%,N/A,85%,71%,56%,80%,90%,2012-2013, P, P,WD,WD, P
28Q687,100%,99%,84%,99%,100%,89%,85%,71%,56%,56%,95%,,,,,,
28Q690,65%,76%,58%,57%,74%,50%,85%,71%,56%,60%,65%,2012-2013, D, D, D, P, D
28Q896,90%,87%,93%,97%,85%,79%,85%,71%,56%,58%,82%,2013-2014, P, D, D,WD, D
32K556,65%,70%,23%,80%,68%,38%,82%,68%,50%,70%,86%,,,,,,
29Q243,N/A,N/A,N/A,86%,N/A,N/A,85%,71%,56%,90%,80%,,,,,,
29Q248,91%,67%,36%,86%,66%,32%,85%,71%,56%,60%,72%,,,,,,
29Q259,74%,75%,51%,79%,81%,59%,85%,71%,56%,75%,67%,2013-2014, D, D, D, P, D
29Q265,89%,83%,46%,77%,85%,49%,85%,71%,56%,72%,67%,,,,,,
29Q272,81%,80%,50%,80%,84%,56%,85%,71%,56%,54%,66%,2013-2014, P, D, P, P, P
29Q283,84%,80%,62%,88%,81%,54%,85%,71%,56%,88%,82%,2013-2014, P,WD, P,WD,WD
29Q313,N/A,N/A,N/A,N/A,N/A,N/A,85%,71%,56%,N/A,N/A,,,,,,
29Q326,92%,N/A,N/A,94%,80%,N/A,85%,71%,56%,63%,69%,2012-2013, P, P, P, P, D
29Q327,N/A,N/A,N/A,72%,N/A,N/A,85%,71%,56%,58%,63%,2012-2013, P, D, P, P, P
29Q492,87%,69%,55%,80%,66%,50%,85%,71%,56%,71%,68%,2012-2013, P, P, P, P, P
29Q498,78%,74%,51%,71%,78%,49%,85%,71%,56%,71%,70%,2013-2014, P, D, P, P, P
30Q258,N/A,N/A,N/A,93%,N/A,N/A,85%,71%,56%,69%,83%,,,,,,
30Q286,99%,95%,N/A,98%,94%,90%,85%,71%,56%,81%,96%,,,,,,
30Q301,99%,97%,80%,98%,96%,76%,85%,71%,56%,87%,96%,2013-2014,WD,WD,WD,WD, P
30Q445,83%,66%,44%,81%,69%,46%,85%,71%,56%,78%,73%,2012-2013, D, D, D, P, D
30Q450,79%,59%,40%,76%,63%,43%,85%,71%,56%,87%,75%,2013-2014,WD,WD, P,WD,WD
30Q501,97%,94%,85%,95%,98%,80%,85%,71%,56%,75%,96%,,,,,,
30Q502,78%,67%,57%,82%,68%,49%,85%,71%,56%,73%,73%,2013-2014, P, D, D, P, P
30Q555,77%,70%,45%,71%,62%,51%,85%,71%,56%,82%,90%,,,,,,
30Q575,93%,92%,87%,93%,89%,91%,85%,71%,56%,70%,91%,2013-2014,WD, P, P,WD, P
30Q580,100%,98%,92%,99%,98%,98%,85%,71%,56%,54%,96%,2013-2014, P, D, P,WD, D
31R047,91%,97%,95%,99%,90%,88%,84%,78%,60%,64%,92%,,,,,,
31R064,89%,80%,68%,89%,91%,62%,84%,78%,60%,52%,89%,2013-2014, D, P, P, P, P
31R080,90%,92%,79%,86%,91%,79%,84%,78%,60%,87%,85%,2012-2013,WD, P,WD,WD,WD
31R440,81%,73%,51%,75%,78%,54%,84%,78%,60%,79%,75%,2011-2012,WD, P,WD,WD,WD
31R445,70%,61%,42%,75%,67%,43%,84%,78%,60%,82%,79%,2013-2014, P, P, P, P, P
31R450,78%,79%,51%,73%,80%,56%,84%,78%,60%,86%,69%,2013-2014,WD, P,WD,WD,WD
31R455,90%,83%,66%,90%,85%,66%,84%,78%,60%,91%,80%,2011-2012,WD, P, P,WD,WD
31R460,87%,81%,69%,89%,84%,70%,84%,78%,60%,89%,80%,,,,,,
31R600,81%,60%,44%,81%,75%,42%,84%,78%,60%,72%,78%,,,,,,
31R605,100%,100%,100%,99%,100%,99%,84%,78%,60%,92%,99%,,,,,,
32K168,84%,N/A,N/A,78%,N/A,N/A,82%,68%,50%,58%,64%,2013-2014,WD, P,WD,WD, P
32K403,84%,75%,37%,75%,62%,36%,82%,68%,50%,67%,76%,,,,,,
32K545,77%,70%,42%,86%,59%,53%,82%,68%,50%,78%,88%,2012-2013, D, D, D, P, D
32K549,88%,55%,34%,88%,69%,31%,82%,68%,50%,73%,85%,2013-2014, P, P, D, P, P
32K552,75%,51%,28%,72%,48%,31%,82%,68%,50%,N/A,N/A,2013-2014, P, P, D, P,WD
32K554,97%,97%,84%,100%,94%,74%,82%,68%,50%,92%,99%,,,,,,
